"date","objID","Repeat","temp","site","nburrow","wsburrow","rcburrow","empty","otherburrow","aburrow","natburrow","time","grid","vegtype","vegstruct","bare","dragons","outside","adragon","ndragons","padragons"
2018-02-27,"JE4",1,20.7,"Jerra East",3,1,0,1,1,0,3,13.15,"outside","native pasture","3-5cm","2-5",0,0,0,0,0
2018-02-27,"JE1",1,19.6,"Jerra East",3,2,0,1,0,0,3,12.0333333333333,"outside","NTG","5-10cm",">30%",0,0,0,0,0
2018-02-27,"JE6",1,21.2,"Jerra East",24,8,0,14,2,0,24,14.0166666666667,"outside","NTG","5-10cm",">30%",0,0,0,0,0
2018-02-27,"JE7",1,22.3,"Jerra East",19,10,0,4,5,0,19,14.3833333333333,"outside","NTG","10-15cm","6-15",0,0,0,0,0
2018-02-27,"JE8",1,22.9,"Jerra East",26,11,0,8,7,0,26,14.8333333333333,"outside","NTG","10-15cm","6-15",0,0,0,0,0
2018-02-27,"JE5",1,20.9,"Jerra East",28,16,1,10,1,0,28,13.4166666666667,"outside","native pasture","10-15cm","2-5",0,0,0,0,0
2018-02-27,"JE2",1,20.3,"Jerra East",2,0,0,2,0,0,2,12.5833333333333,"outside","native pasture","3-5cm",">30%",0,0,0,0,0
2018-02-27,"JE3",1,20.1,"Jerra East",4,1,0,2,1,0,4,12.8333333333333,"outside","NTG","10-15cm","2-5",0,0,0,0,0
2018-02-28,"JE40",1,23,"Jerra East",3,1,0,2,0,0,3,11.5666666666667,"outside","native pasture","3-5cm",">30%",0,0,0,0,0
2018-02-28,"JE36",1,29.7,"Jerra East",8,1,0,6,1,0,8,15.45,"outside","NTG","3-5cm",">30%",0,0,0,0,0
2018-02-28,"JE21",1,28.4,"Jerra East",8,0,0,2,0,6,2,14.3,"inside","NTG","3-5cm","16-30",0,0,0,0,0
2018-02-28,"JE48",1,27.8,"Jerra East",5,3,0,0,2,0,5,13.55,"outside","native pasture","5-10cm","16-30",0,0,0,0,0
2018-02-28,"JE24",1,28.3,"Jerra East",10,0,0,2,2,6,4,13.7833333333333,"inside","NTG","5-10cm","16-30",0,0,0,0,0
2018-02-28,"JE43",1,19.8,"Jerra East",7,6,0,1,0,0,7,10.8333333333333,"outside","NTG","5-10cm",">30%",0,0,0,0,0
2018-02-28,"JE37",1,29,"Jerra East",13,2,0,6,5,0,13,15.2333333333333,"outside","NTG","<3cm","6-15",0,0,0,0,0
2018-02-28,"JE41",1,28.5,"Jerra East",1,0,0,1,0,0,1,14.7666666666667,"outside","native pasture","5-10cm","6-15",0,0,0,0,0
2018-02-28,"JE23",1,28.7,"Jerra East",9,1,0,4,0,4,5,13.9333333333333,"inside","NTG","5-10cm","16-30",0,0,0,0,0
2018-02-28,"JE42",1,22.6,"Jerra East",5,0,0,4,1,0,5,11.2833333333333,"outside","NTG","5-10cm","16-30",0,0,0,0,0
2018-02-28,"JE31",1,29.5,"Jerra East",3,1,0,2,0,0,3,15.6166666666667,"outside","native pasture","5-10cm",">30%",0,0,0,0,0
2018-02-28,"JE38",1,29.2,"Jerra East",5,2,0,3,0,0,5,14.9833333333333,"outside","native pasture","3-5cm","6-15",0,0,0,0,0
2018-02-28,"JE39",1,25.5,"Jerra East",2,0,0,2,0,0,2,12.1166666666667,"outside","native pasture","3-5cm",">30%",0,0,0,0,0
2018-02-28,"JE47",1,15.5,"Jerra East",22,11,1,5,5,0,22,10.3333333333333,"outside","NTG","5-10cm","16-30",0,0,0,0,0
2018-02-28,"JE44",1,28.5,"Jerra East",10,0,0,9,1,0,10,14.5166666666667,"outside","NTG","5-10cm","16-30",0,0,0,0,0
2018-02-28,"JE22",1,28.2,"Jerra East",10,2,0,3,0,5,5,14.1666666666667,"inside","NTG","3-5cm",">30%",0,0,0,0,0
2018-03-01,"JE12",1,25.6,"Jerra East",23,7,0,7,9,0,23,14.85,"outside","NTG","5-10cm",">30%",0,0,0,0,0
2018-03-01,"JE15",1,26.8,"Jerra East",22,13,0,8,1,0,22,16.6333333333333,"outside","native pasture","5-10cm","16-30",0,0,0,0,0
2018-03-01,"JE17",1,26.3,"Jerra East",17,3,0,6,8,0,17,17.1,"outside","NTG","3-5cm",">30%",0,0,0,0,0
2018-03-01,"JE9",1,25,"Jerra East",19,8,0,8,3,0,19,14.1166666666667,"outside","NTG","5-10cm","16-30",0,0,0,0,0
2018-03-01,"JE11",1,26.4,"Jerra East",29,9,0,9,9,0,29,17.3666666666667,"outside","native pasture","5-10cm","16-30",2,0,0,2,1
2018-03-01,"JE13",1,25.7,"Jerra East",10,9,0,1,0,0,10,15.5333333333333,"outside","native pasture",">15cm","<1",0,0,0,0,0
2018-03-01,"JE14",1,25.9,"Jerra East",18,9,0,6,1,2,16,15.2,"outside","native pasture","5-10cm","16-30",0,0,0,0,0
2018-03-01,"JE16",1,26,"Jerra East",11,5,0,5,1,0,11,16.8666666666667,"outside","native pasture","5-10cm","6-15",0,0,0,0,0
2018-03-01,"JE10",1,25.3,"Jerra East",11,2,0,5,4,0,11,14.4,"outside","NTG","10-15cm","6-15",0,0,0,0,0
2018-03-02,"JE33",1,22.4,"Jerra East",7,1,0,3,3,0,7,13.2666666666667,"outside","native pasture","<3cm","16-30",0,0,0,0,0
2018-03-02,"JE50",1,24,"Jerra East",22,3,0,9,4,5,17,16.9833333333333,"inside","NTG","5-10cm","16-30",1,0,0,1,1
2018-03-02,"JE34",1,21.2,"Jerra East",7,2,0,3,2,0,7,13.0666666666667,"outside","native pasture","3-5cm","16-30",0,0,0,0,0
2018-03-02,"JE27",1,24.3,"Jerra East",4,2,0,2,0,0,4,14.3166666666667,"outside","native pasture","3-5cm","2-5",0,0,0,0,0
2018-03-02,"JE28",1,23.2,"Jerra East",6,1,0,4,1,0,6,14.45,"outside","native pasture","3-5cm","6-15",0,0,0,0,0
2018-03-02,"JE45",1,24.3,"Jerra East",17,4,0,1,7,5,12,16.3666666666667,"inside","NTG","5-10cm","16-30",0,0,0,0,0
2018-03-02,"JE26",1,22.7,"Jerra East",14,3,0,8,3,0,14,13.8166666666667,"outside","native pasture","3-5cm","16-30",0,0,0,0,0
2018-03-02,"JE49",1,24.6,"Jerra East",22,5,0,6,8,3,19,16.5333333333333,"inside","NTG","5-10cm","16-30",0,0,0,0,0
2018-03-02,"JE35",1,22.4,"Jerra East",5,0,0,4,1,0,5,12.9,"outside","NTG","<3cm",">30%",0,0,0,0,0
2018-03-02,"JE29",1,23,"Jerra East",8,3,0,4,1,0,8,14.65,"outside","native pasture","<3cm","2-5",0,0,0,0,0
2018-03-02,"JE30",1,24.1,"Jerra East",4,1,0,3,0,0,4,14.8,"outside","native pasture","3-5cm","2-5",0,0,0,0,0
2018-03-02,"JE25",1,23.1,"Jerra East",2,1,0,1,0,0,2,14.0666666666667,"outside","NTG","3-5cm","16-30",0,0,0,0,0
2018-03-02,"JE32",1,21.1,"Jerra East",9,1,0,5,3,0,9,12.7166666666667,"outside","native pasture","3-5cm",">30%",0,0,0,0,0
2018-03-02,"JE46",1,24.1,"Jerra East",14,3,0,3,3,5,9,16.7333333333333,"inside","NTG","5-10cm","2-5",0,0,0,0,0
2018-03-04,"Ck107",1,27.1,"Cookanalla",8,0,0,4,0,4,4,14.7166666666667,"inside","native pasture","5-10cm","2-5",0,0,0,0,0
2018-03-04,"JE19",1,24.8,"Jerra East",4,1,0,1,2,0,4,11.6166666666667,"outside","NTG","5-10cm","6-15",0,0,0,0,0
2018-03-04,"Ck108",1,27.2,"Cookanalla",8,0,0,3,1,4,4,14.8833333333333,"inside","NTG","5-10cm","2-5",0,0,0,0,0
2018-03-04,"Ck101",1,26.7,"Cookanalla",6,0,0,0,1,5,1,13.7333333333333,"inside","NTG","3-5cm",">30%",0,0,0,0,0
2018-03-04,"Ck105",1,27,"Cookanalla",8,1,0,2,0,5,3,14.4166666666667,"inside","NTG","5-10cm","6-15",0,0,0,0,0
2018-03-04,"Ck106",1,27,"Cookanalla",7,1,0,2,0,4,3,14.5666666666667,"inside","native pasture","5-10cm","2-5",0,0,0,0,0
2018-03-04,"JE20",1,25,"Jerra East",10,4,0,5,1,0,10,11.8,"outside","NTG","5-10cm","2-5",0,0,0,0,0
2018-03-04,"Ck102",1,26.7,"Cookanalla",6,0,0,0,0,6,0,13.8333333333333,"inside","NTG","<3cm",">30%",0,0,0,0,0
2018-03-04,"Ck104",1,26.7,"Cookanalla",8,0,0,3,0,5,3,14.1666666666667,"inside","NTG","5-10cm","16-30",0,0,0,0,0
2018-03-04,"Ck103",1,26.6,"Cookanalla",8,1,0,2,0,5,3,14.0166666666667,"inside","NTG","5-10cm","6-15",0,0,1,1,1
2018-03-04,"JE18",1,25.1,"Jerra East",10,2,0,8,0,0,10,12.1833333333333,"outside","NTG","10-15cm","2-5",0,0,0,0,0
2018-03-05,"Ck1",1,21.2,"Cookanalla",3,1,0,2,0,0,3,12.85,"outside","native pasture","10-15cm","2-5",0,0,0,0,0
2018-03-05,"Ck10",1,21.9,"Cookanalla",4,1,0,3,0,0,4,13.3166666666667,"outside","NTG","5-10cm",">30%",0,0,0,0,0
2018-03-05,"Ck2",1,21,"Cookanalla",3,0,0,3,0,0,3,12.6666666666667,"outside","native pasture","5-10cm","2-5",0,0,0,0,0
2018-03-05,"Ck7",1,21,"Cookanalla",2,0,0,1,1,0,2,12.4333333333333,"outside","native pasture",">15cm","<1",0,0,0,0,0
2018-03-05,"Ck3",1,21,"Cookanalla",8,0,0,8,0,0,8,13.0666666666667,"outside","native pasture","5-10cm","16-30",0,0,0,0,0
2018-03-05,"Ck48",1,22.4,"Cookanalla",1,0,0,1,0,0,1,13.6,"outside","native pasture","5-10cm","6-15",0,0,0,0,0
2018-03-05,"Ck11",1,20.7,"Cookanalla",5,1,0,3,1,0,5,12.1666666666667,"outside","native pasture","10-15cm","6-15",0,0,0,0,0
2018-03-07,"Ck29",1,20.2,"Cookanalla",0,0,0,0,0,0,0,12.8666666666667,"outside","native pasture","10-15cm","6-15",0,0,0,0,0
2018-03-07,"Ck33",1,19.5,"Cookanalla",3,2,0,1,0,0,3,12.2666666666667,"outside","native pasture","5-10cm","16-30",0,0,0,0,0
2018-03-07,"Ck28",1,21,"Cookanalla",0,0,0,0,0,0,0,13.0833333333333,"outside","native pasture","10-15cm","<1",0,0,0,0,0
2018-03-07,"Ck35",1,18.6,"Cookanalla",0,0,0,0,0,0,0,11.4833333333333,"outside","native pasture","3-5cm","6-15",0,0,0,0,0
2018-03-07,"Ck30",1,20.5,"Cookanalla",2,0,0,2,0,0,2,12.7166666666667,"outside","native pasture","3-5cm","6-15",0,0,0,0,0
2018-03-07,"Ck21",1,21.8,"Cookanalla",0,0,0,0,0,0,0,14.3,"outside","native pasture",">15cm","6-15",0,0,0,0,0
2018-03-07,"Ck41",1,22.3,"Cookanalla",1,0,0,1,0,0,1,16.55,"outside","native pasture","5-10cm","2-5",0,0,0,0,0
2018-03-07,"Ck24",1,21.2,"Cookanalla",1,0,0,1,0,0,1,13.7666666666667,"outside","native pasture","10-15cm","2-5",0,0,0,0,0
2018-03-07,"Ck31",1,22.4,"Cookanalla",7,1,0,6,0,0,7,14.4333333333333,"outside","native pasture",">15cm","<1",0,0,0,0,0
2018-03-07,"Ck39",1,21.9,"Cookanalla",0,0,0,0,0,0,0,16.85,"outside","native pasture",">15cm","<1",0,0,0,0,0
2018-03-07,"Ck22",1,20.6,"Cookanalla",7,3,0,4,0,0,7,14.1,"outside","native pasture","5-10cm","2-5",0,0,0,0,0
2018-03-07,"Ck34",1,20.4,"Cookanalla",5,2,0,2,1,0,5,12.4166666666667,"outside","native pasture","10-15cm","6-15",0,0,0,0,0
2018-03-07,"Ck27",1,21.4,"Cookanalla",0,0,0,0,0,0,0,13.6166666666667,"outside","native pasture","5-10cm","6-15",0,0,0,0,0
2018-03-07,"Ck32",1,19.5,"Cookanalla",0,0,0,0,0,0,0,12.0833333333333,"outside","native pasture","5-10cm","6-15",0,0,0,0,0
2018-03-07,"Ck40",1,22.3,"Cookanalla",0,0,0,0,0,0,0,16.6833333333333,"outside","native pasture",">15cm","2-5",0,0,0,0,0
2018-03-07,"Ck23",1,21,"Cookanalla",0,0,0,0,0,0,0,13.9333333333333,"outside","native pasture","10-15cm","2-5",0,0,0,0,0
2018-03-07,"Ck43",1,18.4,"Cookanalla",2,1,0,1,0,0,2,11.15,"outside","native pasture","10-15cm","6-15",0,0,0,0,0
2018-03-07,"Ck36",1,18.8,"Cookanalla",1,1,0,0,0,0,1,11.3,"outside","native pasture","10-15cm","16-30",0,0,0,0,0
2018-03-07,"Ck38",1,18.8,"Cookanalla",0,0,0,0,0,0,0,11.75,"outside","native pasture","3-5cm","6-15",0,0,0,0,0
2018-03-07,"Ck49",1,17.5,"Cookanalla",1,0,0,0,1,0,1,10.8166666666667,"outside","NTG","10-15cm","2-5",0,0,0,0,0
2018-03-07,"Ck50",1,17.5,"Cookanalla",6,2,0,4,0,0,6,11,"outside","NTG","10-15cm","6-15",0,0,0,0,0
2018-03-07,"Ck42",1,21.9,"Cookanalla",0,0,0,0,0,0,0,17.1333333333333,"outside","native pasture",">15cm","2-5",0,0,0,0,0
2018-03-07,"Ck46",1,22.1,"Cookanalla",0,0,0,0,0,0,0,17.3166666666667,"outside","native pasture",">15cm","2-5",0,0,0,0,0
2018-03-07,"Ck47",1,22.3,"Cookanalla",1,0,0,0,1,0,1,16.4166666666667,"outside","native pasture","10-15cm","16-30",0,0,0,0,0
2018-03-07,"Ck37",1,21,"Cookanalla",1,0,0,1,0,0,1,17,"outside","native pasture","10-15cm","6-15",0,0,0,0,0
2018-03-08,"JE46",2,25.1,"Jerra East",8,1,0,2,0,5,3,16.5833333333333,"inside","NTG","5-10cm","2-5",0,0,0,0,0
2018-03-08,"Ck16",1,20.8,"Cookanalla",0,0,0,0,0,0,0,12.0666666666667,"outside","native pasture","10-15cm","2-5",0,0,0,0,0
2018-03-08,"Ck6",1,18.2,"Cookanalla",3,0,0,3,0,0,3,10.7166666666667,"outside","native pasture",">15cm","2-5",0,0,0,0,0
2018-03-08,"Ck12",1,16.8,"Cookanalla",0,0,0,0,0,0,0,10.2166666666667,"outside","native pasture","3-5cm","6-15",0,0,0,0,0
2018-03-08,"Ck15",1,20.2,"Cookanalla",0,0,0,0,0,0,0,11.7333333333333,"outside","native pasture","10-15cm","2-5",0,0,0,0,0
2018-03-08,"Ck13",1,17.9,"Cookanalla",0,0,0,0,0,0,0,10.5333333333333,"outside","native pasture","10-15cm","6-15",0,0,0,0,0
2018-03-08,"Ck19",1,20.1,"Cookanalla",0,0,0,0,0,0,0,11.4166666666667,"outside","native pasture","5-10cm","6-15",0,0,0,0,0
2018-03-08,"JE50",2,23.7,"Jerra East",34,4,0,20,4,5,29,14.7333333333333,"inside","NTG","5-10cm","16-30",1,0,0,1,1
2018-03-08,"Ck20",1,20.6,"Cookanalla",2,0,0,1,1,0,2,12.3333333333333,"outside","native pasture","10-15cm","2-5",0,0,0,0,0
2018-03-08,"Ck14",1,19.2,"Cookanalla",1,0,0,0,1,0,1,10.9666666666667,"outside","native pasture",">15cm","16-30",0,0,0,0,0
2018-03-08,"Ck17",1,20.5,"Cookanalla",0,0,0,0,0,0,0,11.5666666666667,"outside","native pasture","3-5cm","6-15",0,0,0,0,0
2018-03-08,"JE48",2,24.5,"Jerra East",3,1,0,1,1,0,3,16.9166666666667,"outside","native pasture","5-10cm","16-30",0,0,0,0,0
2018-03-08,"Ck18",1,19.5,"Cookanalla",2,1,0,0,1,0,2,11.1666666666667,"outside","native pasture","5-10cm","16-30",0,0,0,0,0
2018-03-08,"JE47",2,24.2,"Jerra East",4,0,0,2,2,0,4,17.15,"outside","NTG","5-10cm","16-30",0,0,0,0,0
2018-03-08,"JE49",2,24.7,"Jerra East",17,1,0,3,7,6,11,16.0333333333333,"inside","NTG","5-10cm","16-30",0,2,0,2,1
2018-03-08,"JE45",2,24.6,"Jerra East",11,1,0,2,3,5,6,15.6833333333333,"inside","NTG","5-10cm","16-30",0,0,0,0,0
2018-03-09,"Ck7",2,25.6,"Cookanalla",1,1,0,0,0,0,1,16.0666666666667,"outside","native pasture",">15cm","<1",0,0,0,0,0
2018-03-09,"Ck1",2,24.8,"Cookanalla",3,1,0,2,0,0,3,14.95,"outside","native pasture","10-15cm","2-5",0,0,0,0,0
2018-03-09,"Ck103",2,20.7,"Cookanalla",6,0,0,1,0,5,1,11.8166666666667,"inside","NTG","5-10cm","6-15",0,0,1,1,1
2018-03-09,"Ck104",2,21.1,"Cookanalla",8,0,0,2,1,5,3,12.0666666666667,"inside","NTG","5-10cm","16-30",0,0,0,0,0
2018-03-09,"Ck3",2,24.3,"Cookanalla",5,0,0,4,1,0,5,13.9166666666667,"outside","native pasture","5-10cm","16-30",0,0,0,0,0
2018-03-09,"Ck48",2,18.5,"Cookanalla",0,0,0,0,0,0,0,10.7,"outside","native pasture","5-10cm","6-15",0,0,0,0,0
2018-03-09,"Ck2",2,24.1,"Cookanalla",6,0,0,6,0,0,6,14.1666666666667,"outside","native pasture","5-10cm","2-5",0,0,0,0,0
2018-03-09,"Ck6",2,25.7,"Cookanalla",5,0,0,2,1,2,3,15.85,"outside","native pasture",">15cm","2-5",0,0,0,0,0
2018-03-09,"Ck107",2,23.4,"Cookanalla",9,0,0,5,0,4,5,13.0833333333333,"inside","native pasture","5-10cm","2-5",0,0,0,0,0
2018-03-09,"Ck102",2,20,"Cookanalla",9,0,0,0,3,6,3,11.5333333333333,"inside","NTG","<3cm",">30%",0,0,0,0,0
2018-03-09,"Ck47",2,25.2,"Cookanalla",0,0,0,0,0,0,0,16.3333333333333,"outside","native pasture","10-15cm","16-30",0,0,0,0,0
2018-03-09,"Ck105",2,23,"Cookanalla",8,0,0,2,1,5,3,13.3833333333333,"inside","NTG","5-10cm","6-15",0,0,0,0,0
2018-03-09,"Ck10",2,22.1,"Cookanalla",5,0,0,1,4,0,5,12.55,"outside","NTG","5-10cm",">30%",0,0,0,0,0
2018-03-09,"Ck108",2,22.1,"Cookanalla",7,0,0,1,2,4,3,12.8666666666667,"inside","NTG","5-10cm","2-5",0,0,0,0,0
2018-03-09,"Ck11",2,19.1,"Cookanalla",5,0,0,5,0,0,5,10.9666666666667,"outside","native pasture","10-15cm","6-15",0,0,0,0,0
2018-03-09,"Ck106",2,23.2,"Cookanalla",9,1,0,4,0,4,5,13.6166666666667,"inside","native pasture","5-10cm","2-5",0,0,0,0,0
2018-03-09,"Ck101",2,19.8,"Cookanalla",5,0,0,0,0,5,0,11.2666666666667,"inside","NTG","3-5cm",">30%",0,0,0,0,0
2018-03-11,"Ck23",2,27.4,"Cookanalla",0,0,0,0,0,0,0,13.0666666666667,"outside","native pasture","10-15cm","2-5",0,0,0,0,0
2018-03-11,"Ck35",2,29,"Cookanalla",0,0,0,0,0,0,0,14.2166666666667,"outside","native pasture","3-5cm","6-15",0,0,0,0,0
2018-03-11,"Ck30",2,27.6,"Cookanalla",0,0,0,0,0,0,0,13.55,"outside","native pasture","3-5cm","6-15",0,0,0,0,0
2018-03-11,"Ck14",2,30.9,"Cookanalla",1,0,0,1,0,0,1,17.1,"outside","native pasture",">15cm","16-30",0,0,0,0,0
2018-03-11,"Ck12",2,31.1,"Cookanalla",0,0,0,0,0,0,0,16.8666666666667,"outside","native pasture","3-5cm","6-15",0,0,0,0,0
2018-03-11,"Ck22",2,28,"Cookanalla",2,0,0,2,0,0,2,13.2,"outside","native pasture","5-10cm","2-5",0,0,0,0,0
2018-03-11,"Ck15",2,31.1,"Cookanalla",1,0,0,1,0,0,1,17.65,"outside","native pasture","10-15cm","2-5",0,0,0,0,0
2018-03-11,"Ck17",2,31.1,"Cookanalla",1,0,0,0,1,0,1,17.55,"outside","native pasture","3-5cm","6-15",0,0,0,0,0
2018-03-11,"Ck19",2,30.7,"Cookanalla",0,0,0,0,0,0,0,17.4333333333333,"outside","native pasture","5-10cm","6-15",0,0,0,0,0
2018-03-11,"Ck24",2,27,"Cookanalla",1,1,0,0,0,0,1,12.8333333333333,"outside","native pasture","10-15cm","2-5",0,0,0,0,0
2018-03-11,"Ck34",2,30.3,"Cookanalla",3,3,0,0,0,0,3,15.1833333333333,"outside","native pasture","10-15cm","6-15",0,0,0,0,0
2018-03-11,"Ck13",2,30.9,"Cookanalla",1,0,0,1,0,0,1,17,"outside","native pasture","10-15cm","6-15",0,0,0,0,0
2018-03-11,"Ck32",2,28.6,"Cookanalla",0,0,0,0,0,0,0,13.7333333333333,"outside","native pasture","5-10cm","6-15",0,0,0,0,0
2018-03-11,"Ck18",2,31,"Cookanalla",2,0,1,0,1,0,2,17.25,"outside","native pasture","5-10cm","16-30",0,0,0,0,0
2018-03-11,"Ck33",2,30.2,"Cookanalla",0,0,0,0,0,0,0,15.3833333333333,"outside","native pasture","5-10cm","16-30",0,0,0,0,0
2018-03-11,"Ck38",2,29,"Cookanalla",0,0,0,0,0,0,0,14.1,"outside","native pasture","3-5cm","6-15",0,0,0,0,0
2018-03-11,"Ck37",2,30.2,"Cookanalla",0,0,0,0,0,0,0,14.9666666666667,"outside","native pasture","10-15cm","6-15",0,0,0,0,0
2018-03-12,"Ck31",2,26.8,"Cookanalla",5,0,0,5,0,0,5,13.7833333333333,"outside","native pasture",">15cm","<1",0,0,0,0,0
2018-03-12,"Ck49",2,24.3,"Cookanalla",1,0,0,1,0,0,1,12.5166666666667,"outside","NTG","10-15cm","2-5",0,0,0,0,0
2018-03-12,"Ck43",2,24.8,"Cookanalla",0,0,0,0,0,0,0,12.8333333333333,"outside","native pasture","10-15cm","6-15",0,0,0,0,0
2018-03-12,"Ck40",2,27.2,"Cookanalla",0,0,0,0,0,0,0,14.2666666666667,"outside","native pasture",">15cm","2-5",0,0,0,0,0
2018-03-12,"Ck28",2,28.6,"Cookanalla",1,0,0,1,0,0,1,16.6,"outside","native pasture","10-15cm","<1",0,0,0,0,0
2018-03-12,"Ck36",2,25.2,"Cookanalla",2,0,0,1,1,0,2,13,"outside","native pasture","10-15cm","16-30",0,0,0,0,0
2018-03-12,"Ck46",2,24.5,"Cookanalla",1,1,0,0,0,0,1,12.35,"outside","native pasture",">15cm","2-5",0,0,0,0,0
2018-03-12,"Ck39",2,26.4,"Cookanalla",0,0,0,0,0,0,0,13.6833333333333,"outside","native pasture",">15cm","<1",0,0,0,0,0
2018-03-12,"Ck29",2,28.6,"Cookanalla",0,0,0,0,0,0,0,16.4333333333333,"outside","native pasture","10-15cm","6-15",0,0,0,0,0
2018-03-12,"Ck50",2,24.7,"Cookanalla",2,0,0,1,1,0,2,12.65,"outside","NTG","10-15cm","6-15",0,0,0,0,0
2018-03-12,"Ck16",2,27.5,"Cookanalla",0,0,0,0,0,0,0,14.5666666666667,"outside","native pasture","10-15cm","2-5",0,0,0,0,0
2018-03-12,"Ck20",2,27.4,"Cookanalla",3,1,0,1,1,0,3,14.1,"outside","native pasture","10-15cm","2-5",0,0,0,0,0
2018-03-12,"Ck41",2,28.5,"Cookanalla",1,0,0,1,0,0,1,14.7833333333333,"outside","native pasture","5-10cm","2-5",0,0,0,0,0
2018-03-12,"Ck42",2,28.2,"Cookanalla",0,0,0,0,0,0,0,14.9333333333333,"outside","native pasture",">15cm","2-5",0,0,0,0,0
2018-03-12,"Ck27",2,27.9,"Cookanalla",2,0,0,1,1,0,2,16.25,"outside","native pasture","5-10cm","6-15",0,0,0,0,0
2018-03-12,"Ck21",2,26.7,"Cookanalla",0,0,0,0,0,0,0,13.9166666666667,"outside","native pasture",">15cm","6-15",0,0,0,0,0
2018-03-14,"JE40",2,26.2,"Jerra East",3,1,0,2,0,0,3,17.15,"outside","native pasture","3-5cm",">30%",0,0,0,0,0
2018-03-14,"JE27",2,22.3,"Jerra East",2,1,0,1,0,0,2,12.8666666666667,"outside","native pasture","3-5cm","2-5",0,0,0,0,0
2018-03-14,"JE26",2,20.8,"Jerra East",2,1,0,0,1,0,2,12.5333333333333,"outside","native pasture","3-5cm","16-30",0,0,0,0,0
2018-03-14,"JE33",2,26.3,"Jerra East",5,1,0,4,0,0,5,16.05,"outside","native pasture","<3cm","16-30",0,0,0,0,0
2018-03-14,"JE34",2,26.4,"Jerra East",5,0,0,3,2,0,5,16.25,"outside","native pasture","3-5cm","16-30",0,0,0,0,0
2018-03-14,"JE20",2,20.3,"Jerra East",4,0,0,4,0,0,4,12,"outside","NTG","5-10cm","2-5",0,0,0,0,0
2018-03-14,"JE19",2,20.5,"Jerra East",7,0,0,4,3,0,7,11.65,"outside","NTG","5-10cm","6-15",0,0,0,0,0
2018-03-14,"JE38",2,25.4,"Jerra East",0,0,0,0,0,0,0,17.5,"outside","native pasture","3-5cm","6-15",0,0,0,0,0
2018-03-14,"JE23",2,23.5,"Jerra East",7,0,0,3,0,4,3,14.2166666666667,"inside","NTG","5-10cm","16-30",0,0,1,1,1
2018-03-14,"JE30",2,22.5,"Jerra East",5,0,0,4,1,0,5,13.3833333333333,"outside","native pasture","3-5cm","2-5",0,0,0,0,0
2018-03-14,"JE21",2,23.7,"Jerra East",10,0,0,3,1,6,4,14.6,"inside","NTG","3-5cm","16-30",0,0,0,0,0
2018-03-14,"JE29",2,22.1,"Jerra East",2,1,0,1,0,0,2,13.2166666666667,"outside","native pasture","<3cm","2-5",0,0,0,0,0
2018-03-14,"JE39",2,26.6,"Jerra East",1,0,0,0,1,0,1,17.3166666666667,"outside","native pasture","3-5cm",">30%",0,0,0,0,0
2018-03-14,"JE24",2,23.8,"Jerra East",10,0,0,5,0,5,5,14.3833333333333,"inside","NTG","5-10cm","16-30",0,0,0,0,0
2018-03-14,"JE41",2,26.3,"Jerra East",2,0,0,1,1,0,2,17.6166666666667,"outside","native pasture","5-10cm","6-15",0,0,0,0,0
2018-03-14,"JE28",2,22.3,"Jerra East",2,1,0,1,0,0,2,13.0166666666667,"outside","native pasture","3-5cm","6-15",0,0,0,0,0
2018-03-14,"JE35",2,26.2,"Jerra East",3,1,0,2,0,0,3,16.4666666666667,"outside","NTG","<3cm",">30%",0,0,0,0,0
2018-03-14,"JE22",2,26,"Jerra East",10,0,0,4,1,5,5,15.5166666666667,"inside","NTG","3-5cm",">30%",0,0,0,0,0
2018-03-14,"JE18",2,17.9,"Jerra East",14,2,0,11,1,0,14,10.6666666666667,"outside","NTG","10-15cm","2-5",0,0,0,0,0
2018-03-14,"JE31",2,22.7,"Jerra East",3,0,0,2,1,0,3,14.0666666666667,"outside","native pasture","5-10cm",">30%",0,0,0,0,0
2018-03-14,"JE32",2,25.6,"Jerra East",4,0,0,3,1,0,4,15.7833333333333,"outside","native pasture","3-5cm",">30%",0,0,0,0,0
2018-03-14,"JE25",2,20.2,"Jerra East",3,2,0,0,1,0,3,12.3,"outside","NTG","3-5cm","16-30",0,0,0,0,0
2018-03-15,"JE1",2,27.8,"Jerra East",5,1,0,3,1,0,5,12.7666666666667,"outside","NTG","5-10cm",">30%",0,0,0,0,0
2018-03-15,"JE3",2,27.7,"Jerra East",3,1,0,1,1,0,3,13.2,"outside","NTG","10-15cm","2-5",0,0,0,0,0
2018-03-15,"JE7",2,28.3,"Jerra East",12,2,0,7,3,0,12,14.3333333333333,"outside","NTG","10-15cm","6-15",0,0,0,0,0
2018-03-15,"JE4",2,27.7,"Jerra East",13,2,0,10,1,0,13,13.3666666666667,"outside","native pasture","3-5cm","2-5",0,0,0,0,0
2018-03-15,"JE42",2,24.8,"Jerra East",4,0,0,2,2,0,4,11.6833333333333,"outside","NTG","5-10cm","16-30",0,0,0,0,0
2018-03-15,"JE36",2,22.3,"Jerra East",3,0,0,2,1,0,3,11.1333333333333,"outside","NTG","3-5cm",">30%",0,0,0,0,0
2018-03-15,"JE43",2,26.1,"Jerra East",5,0,0,5,0,0,5,11.8833333333333,"outside","NTG","5-10cm",">30%",0,0,0,0,0
2018-03-15,"JE10",2,28.3,"Jerra East",18,2,0,14,2,0,18,15.4166666666667,"outside","NTG","10-15cm","6-15",0,0,0,0,0
2018-03-15,"JE12",2,28.8,"Jerra East",23,1,0,11,11,0,23,16.2,"outside","NTG","5-10cm",">30%",0,0,0,0,0
2018-03-15,"JE2",2,27.8,"Jerra East",5,1,0,4,0,0,5,13,"outside","native pasture","3-5cm",">30%",0,0,0,0,0
2018-03-15,"JE9",2,28.4,"Jerra East",10,2,0,3,5,0,10,15.1166666666667,"outside","NTG","5-10cm","16-30",0,0,0,0,0
2018-03-15,"JE37",2,22.8,"Jerra East",10,0,1,5,4,0,10,11.35,"outside","NTG","<3cm","6-15",0,0,0,0,0
2018-03-15,"JE6",2,28.5,"Jerra East",22,2,0,17,3,0,22,14,"outside","NTG","5-10cm",">30%",0,0,0,0,0
2018-03-15,"JE5",2,27.9,"Jerra East",21,7,0,8,6,0,21,13.6833333333333,"outside","native pasture","10-15cm","2-5",0,0,0,0,0
2018-03-15,"JE44",2,20.8,"Jerra East",6,0,0,3,3,0,6,10.8166666666667,"outside","NTG","5-10cm","16-30",0,0,0,0,0
2018-03-16,"JE25",3,25,"Jerra East",1,0,0,1,0,0,1,14.8833333333333,"outside","NTG","3-5cm","16-30",0,0,0,0,0
2018-03-16,"JE17",2,22.5,"Jerra East",7,1,0,4,2,0,7,13.0333333333333,"outside","NTG","3-5cm",">30%",0,0,0,0,0
2018-03-16,"JE8",2,20.5,"Jerra East",20,6,0,9,5,0,20,11.9,"outside","NTG","10-15cm","6-15",0,0,0,0,0
2018-03-16,"JE20",3,24.6,"Jerra East",9,1,0,7,1,0,9,14.4833333333333,"outside","NTG","5-10cm","2-5",0,0,0,0,0
2018-03-16,"JE14",2,21.3,"Jerra East",18,3,0,10,4,1,17,12.3166666666667,"outside","native pasture","5-10cm","16-30",0,0,0,0,0
2018-03-16,"JE16",2,22.5,"Jerra East",2,0,0,1,0,0,2,12.75,"outside","native pasture","5-10cm","6-15",1,0,0,1,1
2018-03-16,"JE18",3,22.3,"Jerra East",9,2,0,6,1,0,9,13.85,"outside","NTG","10-15cm","2-5",0,0,0,0,0
2018-03-16,"JE19",3,24.3,"Jerra East",7,1,0,4,2,0,7,14.25,"outside","NTG","5-10cm","6-15",0,0,0,0,0
2018-03-16,"JE26",3,25.1,"Jerra East",2,1,0,1,0,0,2,15.0833333333333,"outside","native pasture","3-5cm","16-30",0,0,0,0,0
2018-03-16,"JE11",2,22.4,"Jerra East",15,3,0,6,6,0,15,13.1833333333333,"outside","native pasture","5-10cm","16-30",0,0,0,0,0
2018-03-16,"JE13",2,21,"Jerra East",5,2,0,3,0,0,5,12.1333333333333,"outside","native pasture",">15cm","<1",0,0,0,0,0
2018-03-16,"JE27",3,25.6,"Jerra East",1,0,0,1,0,0,1,15.3333333333333,"outside","native pasture","3-5cm","2-5",0,0,0,0,0
2018-03-16,"JE15",2,22.7,"Jerra East",12,3,0,5,4,0,12,12.5333333333333,"outside","native pasture","5-10cm","16-30",0,0,0,0,0
2018-03-17,"JE48",3,24.1,"Jerra East",4,2,0,2,0,0,4,11.4,"outside","native pasture","5-10cm","16-30",0,0,0,0,0
2018-03-17,"JE40",3,29.3,"Jerra East",1,0,0,0,1,0,1,16.4333333333333,"outside","native pasture","3-5cm",">30%",0,0,0,0,0
2018-03-17,"JE34",3,27.4,"Jerra East",3,1,0,1,1,0,3,13.1666666666667,"outside","native pasture","3-5cm","16-30",0,0,0,0,0
2018-03-17,"JE41",3,28.5,"Jerra East",0,0,0,0,0,0,0,16.8666666666667,"outside","native pasture","5-10cm","6-15",0,0,0,0,0
2018-03-17,"JE42",3,29.2,"Jerra East",4,1,0,3,0,0,4,16.1833333333333,"outside","NTG","5-10cm","16-30",0,0,0,0,0
2018-03-17,"JE33",3,27.2,"Jerra East",1,0,0,1,0,0,1,12.9166666666667,"outside","native pasture","<3cm","16-30",0,0,0,0,0
2018-03-17,"JE38",3,29.7,"Jerra East",0,0,0,0,0,0,0,15.1166666666667,"outside","native pasture","3-5cm","6-15",0,0,0,0,0
2018-03-17,"JE35",3,27.8,"Jerra East",0,0,0,0,0,0,0,13.65,"outside","NTG","<3cm",">30%",0,0,0,0,0
2018-03-17,"JE36",3,29.1,"Jerra East",3,0,0,2,1,0,3,14.45,"outside","NTG","3-5cm",">30%",0,0,0,0,0
2018-03-17,"JE43",3,29.3,"Jerra East",2,0,0,2,0,0,2,15.9833333333333,"outside","NTG","5-10cm",">30%",0,0,0,0,0
2018-03-17,"JE29",3,26.1,"Jerra East",3,0,1,2,0,0,3,12.3833333333333,"outside","native pasture","<3cm","2-5",0,0,0,0,0
2018-03-17,"JE30",3,25.8,"Jerra East",3,1,0,2,0,0,3,12.1333333333333,"outside","native pasture","3-5cm","2-5",0,0,0,0,0
2018-03-17,"JE31",3,28.2,"Jerra East",1,0,0,1,0,0,1,14.15,"outside","native pasture","5-10cm",">30%",0,0,0,0,0
2018-03-17,"JE37",3,28.9,"Jerra East",6,1,1,2,2,0,6,14.8166666666667,"outside","NTG","<3cm","6-15",0,0,0,0,0
2018-03-17,"JE44",3,29.3,"Jerra East",7,1,0,4,2,0,7,17.0833333333333,"outside","NTG","5-10cm","16-30",0,0,0,0,0
2018-03-17,"JE39",3,29.5,"Jerra East",2,0,0,1,1,0,2,16.6333333333333,"outside","native pasture","3-5cm",">30%",0,0,0,0,0
2018-03-17,"JE47",3,22.6,"Jerra East",5,2,0,1,2,0,5,10.9833333333333,"outside","NTG","5-10cm","16-30",0,0,0,0,0
2018-03-17,"JE32",3,28.7,"Jerra East",5,1,0,3,1,0,5,13.85,"outside","native pasture","3-5cm",">30%",0,0,0,0,0
2018-03-17,"JE28",3,26.6,"Jerra East",2,1,0,0,1,0,2,12.6666666666667,"outside","native pasture","3-5cm","6-15",0,0,0,0,0
2018-03-19,"JE1",3,26.6,"Jerra East",3,1,0,2,0,0,3,13.9666666666667,"outside","NTG","5-10cm",">30%",0,0,0,0,0
2018-03-19,"JE23",3,22.8,"Jerra East",7,0,0,2,0,4,3,11.4,"inside","NTG","5-10cm","16-30",1,0,0,1,1
2018-03-19,"JE3",3,25.8,"Jerra East",4,0,0,3,1,0,4,14.5666666666667,"outside","NTG","10-15cm","2-5",0,0,0,0,0
2018-03-19,"JE50",3,26.6,"Jerra East",18,1,0,7,5,5,13,13.7166666666667,"inside","NTG","5-10cm","16-30",0,0,0,0,0
2018-03-19,"JE46",3,25.6,"Jerra East",12,2,0,5,0,5,7,13.1833333333333,"inside","NTG","5-10cm","2-5",0,0,0,0,0
2018-03-19,"JE7",3,26.9,"Jerra East",20,4,0,9,7,0,20,15.45,"outside","NTG","10-15cm","6-15",0,0,0,0,0
2018-03-19,"JE5",3,26.3,"Jerra East",19,4,0,9,6,0,19,14.8833333333333,"outside","native pasture","10-15cm","2-5",0,0,0,0,0
2018-03-19,"JE2",3,26.3,"Jerra East",4,0,0,4,0,0,4,14.35,"outside","native pasture","3-5cm",">30%",0,0,0,0,0
2018-03-19,"JE45",3,25.9,"Jerra East",10,1,0,3,3,3,7,12.9666666666667,"inside","NTG","5-10cm","16-30",0,0,0,0,0
2018-03-19,"JE49",3,25.4,"Jerra East",21,2,0,9,6,4,17,13.4666666666667,"inside","NTG","5-10cm","16-30",0,1,0,1,1
2018-03-19,"JE24",3,21.2,"Jerra East",9,0,0,2,1,6,3,11.15,"inside","NTG","5-10cm","16-30",0,0,0,0,0
2018-03-19,"JE4",3,26.2,"Jerra East",5,1,0,3,1,0,5,14.7166666666667,"outside","native pasture","3-5cm","2-5",0,0,0,0,0
2018-03-19,"JE21",3,24.1,"Jerra East",8,0,0,3,1,4,4,12.0833333333333,"inside","NTG","3-5cm","16-30",0,0,0,0,0
2018-03-19,"JE9",3,26.2,"Jerra East",9,1,0,5,3,0,9,16.05,"outside","NTG","5-10cm","16-30",0,0,0,0,0
2018-03-19,"JE8",3,26.4,"Jerra East",18,4,0,4,10,0,18,15.7,"outside","NTG","10-15cm","6-15",0,0,0,0,0
2018-03-19,"JE6",3,26.1,"Jerra East",15,2,0,9,4,0,15,15.15,"outside","NTG","5-10cm",">30%",0,0,0,0,0
2018-03-19,"JE22",3,23,"Jerra East",12,0,0,3,4,5,7,11.8166666666667,"inside","NTG","3-5cm",">30%",0,0,0,0,0
2018-03-20,"JE13",3,23.2,"Jerra East",3,1,0,1,1,0,3,16.15,"outside","native pasture",">15cm","<1",0,0,0,0,0
2018-03-20,"JE11",3,23.4,"Jerra East",16,3,0,3,9,0,16,14.1666666666667,"outside","native pasture","5-10cm","16-30",1,0,0,1,1
2018-03-20,"JE16",3,24.4,"Jerra East",3,0,0,2,0,0,3,13.3333333333333,"outside","native pasture","5-10cm","6-15",1,0,0,1,1
2018-03-20,"JE10",3,22.9,"Jerra East",16,3,0,3,8,0,16,14.8666666666667,"outside","NTG","10-15cm","6-15",2,0,0,2,1
2018-03-20,"JE15",3,23.7,"Jerra East",3,1,0,1,1,0,3,13.0333333333333,"outside","native pasture","5-10cm","16-30",0,0,0,0,0
2018-03-20,"JE12",3,23.2,"Jerra East",16,1,0,7,8,0,16,15.5,"outside","NTG","5-10cm",">30%",0,0,0,0,0
2018-03-20,"JE17",3,23.8,"Jerra East",5,1,0,2,2,0,5,13.8666666666667,"outside","NTG","3-5cm",">30%",0,0,0,0,0
2018-03-20,"JE14",3,23.7,"Jerra East",18,7,0,6,4,1,17,15.8333333333333,"outside","native pasture","5-10cm","16-30",0,0,0,0,0
2018-03-21,"Ck36",3,17.4,"Cookanalla",1,0,0,1,0,0,1,13.6833333333333,"outside","native pasture","10-15cm","16-30",0,0,0,0,0
2018-03-21,"Ck22",3,17.6,"Cookanalla",3,0,0,3,0,0,3,13.4666666666667,"outside","native pasture","5-10cm","2-5",0,0,0,0,0
2018-03-21,"Ck29",3,18.7,"Cookanalla",1,0,0,0,1,0,1,13.8,"outside","native pasture","10-15cm","6-15",0,0,0,0,0
2018-03-21,"Ck30",3,17.4,"Cookanalla",0,0,0,0,0,0,0,14.05,"outside","native pasture","3-5cm","6-15",0,0,0,0,0
2018-03-21,"Ck19",3,15.2,"Cookanalla",3,1,0,2,0,0,3,17.0333333333333,"outside","native pasture","5-10cm","6-15",0,0,0,0,0
2018-03-21,"Ck15",3,14.8,"Cookanalla",5,0,0,3,2,0,5,17.4,"outside","native pasture","10-15cm","2-5",0,0,0,0,0
2018-03-21,"Ck28",3,17.9,"Cookanalla",0,0,0,0,0,0,0,13.2333333333333,"outside","native pasture","10-15cm","<1",0,0,0,0,0
2018-03-21,"Ck24",3,17.3,"Cookanalla",2,0,0,1,1,0,2,12.5,"outside","native pasture","10-15cm","2-5",0,0,0,0,0
2018-03-21,"Ck23",3,17.9,"Cookanalla",0,0,0,0,0,0,0,12.7166666666667,"outside","native pasture","10-15cm","2-5",0,0,0,0,0
2018-03-21,"Ck32",3,17.8,"Cookanalla",0,0,0,0,0,0,0,14.3333333333333,"outside","native pasture","5-10cm","6-15",0,0,0,0,0
2018-03-21,"Ck17",3,15.2,"Cookanalla",1,0,0,0,1,0,1,16.8833333333333,"outside","native pasture","3-5cm","6-15",0,0,0,0,0
2018-03-21,"Ck33",3,17.5,"Cookanalla",1,0,0,1,0,0,1,14.6,"outside","native pasture","5-10cm","16-30",0,0,0,0,0
2018-03-21,"Ck48",3,16.6,"Cookanalla",3,1,0,2,0,0,3,16.25,"outside","native pasture","5-10cm","6-15",0,0,0,0,0
2018-03-21,"Ck31",3,15.1,"Cookanalla",0,0,0,0,0,0,0,16.75,"outside","native pasture",">15cm","<1",0,0,0,0,0
2018-03-21,"Ck18",3,15.2,"Cookanalla",3,0,0,1,2,0,3,17.2,"outside","native pasture","5-10cm","16-30",0,0,0,0,0
2018-03-21,"Ck34",3,17.3,"Cookanalla",2,2,0,0,0,0,2,14.4166666666667,"outside","native pasture","10-15cm","6-15",0,0,0,0,0
2018-03-21,"Ck41",3,15.9,"Cookanalla",3,2,0,1,0,0,3,16.5833333333333,"outside","native pasture","5-10cm","2-5",0,0,0,0,0
2018-03-21,"Ck40",3,15.2,"Cookanalla",0,0,0,0,0,0,0,17.1666666666667,"outside","native pasture",">15cm","2-5",0,0,0,0,0
2018-03-21,"Ck20",3,15.4,"Cookanalla",1,0,0,0,1,0,1,17.35,"outside","native pasture","10-15cm","2-5",0,0,0,0,0
2018-03-21,"Ck50",3,18.4,"Cookanalla",5,2,0,1,2,0,5,13.15,"outside","NTG","10-15cm","6-15",0,0,0,0,0
2018-03-21,"Ck35",3,17.4,"Cookanalla",0,0,0,0,0,0,0,14.0333333333333,"outside","native pasture","3-5cm","6-15",0,0,0,0,0
2018-03-21,"Ck43",3,17.6,"Cookanalla",0,0,0,0,0,0,0,13.45,"outside","native pasture","10-15cm","6-15",0,0,0,0,0
2018-03-21,"Ck38",3,17.4,"Cookanalla",0,0,0,0,0,0,0,14.2,"outside","native pasture","3-5cm","6-15",0,0,0,0,0
2018-03-21,"Ck21",3,15.2,"Cookanalla",1,1,0,0,0,0,1,16.95,"outside","native pasture",">15cm","6-15",0,0,0,0,0
2018-03-21,"Ck49",3,18.6,"Cookanalla",3,1,0,1,1,0,3,12.9166666666667,"outside","NTG","10-15cm","2-5",0,0,0,0,0
2018-03-21,"Ck16",3,15.1,"Cookanalla",0,0,0,0,0,0,0,16.7166666666667,"outside","native pasture","10-15cm","2-5",0,0,0,0,0
2018-03-21,"Ck46",3,17.9,"Cookanalla",0,0,0,0,0,0,0,12.75,"outside","native pasture",">15cm","2-5",0,0,0,0,0
2018-03-21,"Ck39",3,15.9,"Cookanalla",1,0,0,1,0,0,1,16.6,"outside","native pasture",">15cm","<1",0,0,0,0,0
2018-03-21,"Ck47",3,16.6,"Cookanalla",2,0,0,0,2,0,2,16.3833333333333,"outside","native pasture","10-15cm","16-30",0,0,0,0,0
2018-03-21,"Ck37",3,16.6,"Cookanalla",2,0,0,1,1,0,2,16.35,"outside","native pasture","10-15cm","6-15",0,0,0,0,0
2018-03-21,"Ck27",3,18.6,"Cookanalla",2,0,0,1,1,0,2,13,"outside","native pasture","5-10cm","6-15",0,0,0,0,0
2018-03-21,"Ck42",3,17.5,"Cookanalla",3,1,0,2,0,0,3,12.55,"outside","native pasture",">15cm","2-5",0,0,0,0,0
2018-03-23,"Ck11",3,16.7,"Cookanalla",6,1,0,3,2,0,6,10.95,"outside","native pasture","10-15cm","6-15",0,0,0,0,0
2018-03-23,"Ck103",3,17.1,"Cookanalla",7,1,0,0,1,5,2,11.3666666666667,"inside","NTG","5-10cm","6-15",0,0,0,0,0
2018-03-23,"Ck102",3,16.9,"Cookanalla",8,0,0,0,2,6,2,11.1666666666667,"inside","NTG","<3cm",">30%",0,0,0,0,0
2018-03-23,"Ck104",3,16.8,"Cookanalla",11,1,0,2,2,5,6,11.6,"inside","NTG","5-10cm","16-30",1,0,1,2,1
2018-03-23,"Ck1",3,18.6,"Cookanalla",0,0,0,0,0,0,0,13.3833333333333,"outside","native pasture","10-15cm","2-5",0,0,0,0,0
2018-03-23,"Ck107",3,18.6,"Cookanalla",6,0,0,2,0,4,2,13.2,"inside","native pasture","5-10cm","2-5",0,0,0,0,0
2018-03-23,"Ck108",3,17.4,"Cookanalla",7,0,0,1,2,4,3,12.0666666666667,"inside","NTG","5-10cm","2-5",0,0,0,0,0
2018-03-23,"Ck12",3,17.1,"Cookanalla",0,0,0,0,0,0,0,11.25,"outside","native pasture","3-5cm","6-15",0,0,0,0,0
2018-03-23,"Ck105",3,18.4,"Cookanalla",4,1,0,0,3,0,4,12.7833333333333,"inside","NTG","5-10cm","6-15",0,0,0,0,0
2018-03-23,"Ck10",3,18.1,"Cookanalla",10,0,0,3,7,0,10,13.0166666666667,"outside","NTG","5-10cm",">30%",0,0,0,0,0
2018-03-23,"Ck101",3,16.7,"Cookanalla",5,0,0,0,0,5,0,11.0166666666667,"inside","NTG","3-5cm",">30%",0,0,0,0,0
2018-03-23,"Ck7",3,19.2,"Cookanalla",0,0,0,0,0,0,0,13.7166666666667,"outside","native pasture",">15cm","<1",0,0,0,0,0
2018-03-23,"Ck13",3,17.1,"Cookanalla",4,2,0,1,1,0,4,11.5,"outside","native pasture","10-15cm","6-15",0,0,0,0,0
2018-03-23,"Ck106",3,18.1,"Cookanalla",6,0,0,2,0,4,2,13.0333333333333,"inside","native pasture","5-10cm","2-5",0,0,0,0,0
2018-03-23,"Ck6",3,17.2,"Cookanalla",2,0,0,2,0,0,2,12.0166666666667,"outside","native pasture",">15cm","2-5",0,0,0,0,0
2018-03-23,"Ck14",3,17,"Cookanalla",1,0,0,0,1,0,1,11.7333333333333,"outside","native pasture",">15cm","16-30",0,0,0,0,0
2018-03-23,"Ck3",3,18.6,"Cookanalla",13,2,0,10,1,0,13,13.2833333333333,"outside","native pasture","5-10cm","16-30",0,0,0,0,0
2018-03-23,"Ck2",3,18.9,"Cookanalla",4,0,0,4,0,0,4,13.6,"outside","native pasture","5-10cm","2-5",0,0,0,0,0
2018-03-24,"JE33",4,23.2,"Jerra East",2,0,0,1,1,0,2,13.0666666666667,"outside","native pasture","<3cm","16-30",0,0,0,0,0
2018-03-24,"JE14",4,26.2,"Jerra East",26,6,0,9,10,1,25,17.5333333333333,"outside","native pasture","5-10cm","16-30",0,0,0,0,0
2018-03-24,"JE16",4,25.4,"Jerra East",4,0,0,4,0,0,4,16.9,"outside","native pasture","5-10cm","6-15",0,0,0,0,0
2018-03-24,"JE18",4,23.7,"Jerra East",12,6,0,5,1,0,12,13.6,"outside","NTG","10-15cm","2-5",0,0,0,0,0
2018-03-24,"JE13",4,25.7,"Jerra East",4,2,0,1,1,0,4,17.7333333333333,"outside","native pasture",">15cm","<1",0,0,0,0,0
2018-03-24,"JE20",4,23.4,"Jerra East",5,1,0,3,1,0,5,13.3666666666667,"outside","NTG","5-10cm","2-5",0,0,0,0,0
2018-03-24,"JE35",4,23.4,"Jerra East",6,0,1,3,2,0,6,13.2333333333333,"outside","NTG","<3cm",">30%",0,0,0,0,0
2018-03-24,"JE11",4,26.6,"Jerra East",18,4,0,5,9,0,18,17.2333333333333,"outside","native pasture","5-10cm","16-30",0,0,0,0,0
2018-03-24,"JE19",4,23.4,"Jerra East",4,1,0,1,2,0,4,13.2,"outside","NTG","5-10cm","6-15",0,0,0,0,0
2018-03-24,"JE36",4,23.1,"Jerra East",8,3,0,3,2,0,8,12.7166666666667,"outside","NTG","3-5cm",">30%",0,0,0,0,0
2018-03-24,"JE38",4,23.3,"Jerra East",2,1,0,1,0,0,2,12.4333333333333,"outside","native pasture","3-5cm","6-15",0,0,0,0,0
2018-03-24,"JE17",4,25.9,"Jerra East",5,0,0,2,3,0,5,17.05,"outside","NTG","3-5cm",">30%",0,0,0,0,0
2018-03-24,"JE47",4,22.2,"Jerra East",13,4,0,4,5,0,13,11.5333333333333,"outside","NTG","5-10cm","16-30",0,0,0,0,0
2018-03-24,"JE42",4,22.4,"Jerra East",5,0,0,5,0,0,5,11.7666666666667,"outside","NTG","5-10cm","16-30",0,0,0,0,0
2018-03-24,"JE32",4,23.5,"Jerra East",6,2,0,3,1,0,6,13.3666666666667,"outside","native pasture","3-5cm",">30%",0,0,0,0,0
2018-03-24,"JE28",4,23.3,"Jerra East",8,2,0,2,4,0,8,12.35,"outside","native pasture","3-5cm","6-15",0,0,0,0,0
2018-03-24,"JE40",4,22.7,"Jerra East",0,0,0,0,0,0,0,11.9666666666667,"outside","native pasture","3-5cm",">30%",0,0,0,0,0
2018-03-24,"JE48",4,22.4,"Jerra East",3,2,0,1,0,0,3,11.8166666666667,"outside","native pasture","5-10cm","16-30",0,0,0,0,0
2018-03-24,"JE5",4,25.3,"Jerra East",26,9,0,11,6,0,26,16.5666666666667,"outside","native pasture","10-15cm","2-5",0,0,0,0,0
2018-03-24,"JE1",4,26,"Jerra East",3,1,0,2,0,0,3,15.6333333333333,"outside","NTG","5-10cm",">30%",0,0,0,0,0
2018-03-24,"JE39",4,23.2,"Jerra East",2,0,0,1,1,0,2,12.1166666666667,"outside","native pasture","3-5cm",">30%",0,0,0,0,0
2018-03-24,"JE12",4,26.2,"Jerra East",13,3,0,3,7,0,13,17.3833333333333,"outside","NTG","5-10cm",">30%",0,0,0,0,0
2018-03-24,"JE26",4,23.1,"Jerra East",4,0,0,0,4,0,4,12.7166666666667,"outside","native pasture","3-5cm","16-30",0,0,0,0,0
2018-03-24,"JE15",4,25.3,"Jerra East",11,2,0,5,4,0,11,16.75,"outside","native pasture","5-10cm","16-30",0,0,0,0,0
2018-03-24,"JE10",4,26.2,"Jerra East",19,1,0,12,5,0,19,17.4666666666667,"outside","NTG","10-15cm","6-15",1,0,0,1,1
2018-03-24,"JE3",4,25.1,"Jerra East",3,0,0,2,1,0,3,16.2,"outside","NTG","10-15cm","2-5",0,0,0,0,0
2018-03-24,"JE25",4,23.1,"Jerra East",5,1,0,2,2,0,5,12.9,"outside","NTG","3-5cm","16-30",0,0,0,0,0
2018-03-24,"JE6",4,25.3,"Jerra East",23,4,0,10,9,0,23,16.85,"outside","NTG","5-10cm",">30%",0,0,0,0,0
2018-03-24,"JE21",4,23.6,"Jerra East",12,2,0,3,1,6,6,13.9833333333333,"inside","NTG","3-5cm","16-30",0,0,0,0,0
2018-03-24,"JE23",4,23.7,"Jerra East",12,4,0,4,0,4,8,13.6333333333333,"inside","NTG","5-10cm","16-30",0,0,0,0,0
2018-03-24,"JE30",4,22.7,"Jerra East",0,0,0,0,0,0,0,12,"outside","native pasture","3-5cm","2-5",0,0,0,0,0
2018-03-24,"JE45",4,25.2,"Jerra East",10,2,0,1,2,5,5,16.3833333333333,"inside","NTG","5-10cm","16-30",0,0,0,0,0
2018-03-24,"JE27",4,23.3,"Jerra East",1,0,0,1,0,0,1,12.55,"outside","native pasture","3-5cm","2-5",0,0,0,0,0
2018-03-24,"JE29",4,23.2,"Jerra East",8,1,1,5,1,0,8,12.1166666666667,"outside","native pasture","<3cm","2-5",0,0,0,0,0
2018-03-24,"JE34",4,23.1,"Jerra East",1,0,0,1,0,0,1,12.9333333333333,"outside","native pasture","3-5cm","16-30",0,0,0,0,0
2018-03-24,"JE2",4,25.3,"Jerra East",6,0,1,5,0,0,6,15.9666666666667,"outside","native pasture","3-5cm",">30%",0,0,0,0,0
2018-03-24,"JE49",4,25.1,"Jerra East",21,2,0,9,6,4,17,16.0833333333333,"inside","NTG","5-10cm","16-30",0,0,0,0,0
2018-03-24,"JE4",4,25.2,"Jerra East",13,3,0,6,4,0,13,16.3666666666667,"outside","native pasture","3-5cm","2-5",0,0,0,0,0
2018-03-24,"JE37",4,23.3,"Jerra East",6,1,0,1,4,0,6,12.5833333333333,"outside","NTG","<3cm","6-15",0,0,0,0,0
2018-03-24,"JE9",4,26.6,"Jerra East",7,1,0,2,4,0,7,17.2833333333333,"outside","NTG","5-10cm","16-30",0,0,0,0,0
2018-03-24,"JE44",4,23.6,"Jerra East",16,1,0,8,7,0,16,13.9833333333333,"outside","NTG","5-10cm","16-30",0,0,0,0,0
2018-03-24,"JE50",4,26,"Jerra East",24,6,0,12,1,5,19,15.6666666666667,"inside","NTG","5-10cm","16-30",0,1,0,1,1
2018-03-24,"JE7",4,25.9,"Jerra East",15,5,0,4,6,0,15,17.0666666666667,"outside","NTG","10-15cm","6-15",0,0,0,0,0
2018-03-24,"JE24",4,24.1,"Jerra East",12,1,0,3,3,5,7,13.8333333333333,"inside","NTG","5-10cm","16-30",0,0,0,0,0
2018-03-24,"JE8",4,25.7,"Jerra East",22,5,0,5,12,0,22,17.8333333333333,"outside","NTG","10-15cm","6-15",0,0,0,0,0
2018-03-24,"JE46",4,25.1,"Jerra East",9,2,0,3,0,4,5,16.2333333333333,"inside","NTG","5-10cm","2-5",0,0,0,0,0
2018-03-24,"JE22",4,24.1,"Jerra East",13,0,0,7,1,5,8,14.1,"inside","NTG","3-5cm",">30%",0,0,0,0,0
2018-03-24,"JE41",4,23.3,"Jerra East",0,0,0,0,0,0,0,12.3166666666667,"outside","native pasture","5-10cm","6-15",0,0,0,0,0
2018-03-24,"JE31",4,23.5,"Jerra East",3,0,0,1,2,0,3,13.5,"outside","native pasture","5-10cm",">30%",0,0,0,0,0
2018-03-24,"JE43",4,22.2,"Jerra East",6,0,0,4,2,0,6,11.5666666666667,"outside","NTG","5-10cm",">30%",0,0,0,0,0
2018-03-25,"JE20",5,23.2,"Jerra East",4,1,0,3,0,0,4,13.7666666666667,"outside","NTG","5-10cm","2-5",0,0,0,0,0
2018-03-25,"JE14",5,20.3,"Jerra East",12,3,0,6,2,1,11,12.3833333333333,"outside","native pasture","5-10cm","16-30",0,0,0,0,0
2018-03-25,"JE11",5,21.9,"Jerra East",21,5,0,5,11,0,21,11.8833333333333,"outside","native pasture","5-10cm","16-30",0,0,0,0,0
2018-03-25,"JE13",5,22.6,"Jerra East",4,2,0,2,0,0,4,12.6333333333333,"outside","native pasture",">15cm","<1",0,0,0,0,0
2018-03-25,"JE44",5,23.5,"Jerra East",9,1,0,7,1,0,9,13.4166666666667,"outside","NTG","5-10cm","16-30",0,0,0,0,0
2018-03-25,"JE10",5,23.3,"Jerra East",24,3,0,14,5,0,24,11.3833333333333,"outside","NTG","10-15cm","6-15",2,0,0,2,1
2018-03-25,"JE19",5,23.7,"Jerra East",3,1,0,1,1,0,3,13.6166666666667,"outside","NTG","5-10cm","6-15",0,0,0,0,0
2018-03-25,"JE32",5,23.3,"Jerra East",8,1,0,4,3,0,8,11.4333333333333,"outside","native pasture","3-5cm",">30%",0,0,0,0,0
2018-03-25,"JE26",5,22,"Jerra East",7,1,0,2,4,0,7,14.1833333333333,"outside","native pasture","3-5cm","16-30",0,0,0,0,0
2018-03-25,"JE28",5,21.4,"Jerra East",6,3,0,1,2,0,6,14.45,"outside","native pasture","3-5cm","6-15",0,0,0,0,0
2018-03-25,"JE16",5,23.5,"Jerra East",6,2,0,3,0,0,6,13.1166666666667,"outside","native pasture","5-10cm","6-15",1,0,0,1,1
2018-03-25,"JE25",5,22.8,"Jerra East",5,0,0,3,2,0,5,14.0333333333333,"outside","NTG","3-5cm","16-30",0,0,0,0,0
2018-03-25,"JE12",5,21.6,"Jerra East",14,2,0,5,7,0,14,12.1833333333333,"outside","NTG","5-10cm",">30%",0,0,0,0,0
2018-03-25,"JE33",5,21.6,"Jerra East",2,0,0,2,0,0,2,11.8166666666667,"outside","native pasture","<3cm","16-30",0,0,0,0,0
2018-03-25,"JE15",5,23.4,"Jerra East",4,2,0,2,0,0,4,12.7833333333333,"outside","native pasture","5-10cm","16-30",0,0,0,0,0
2018-03-25,"JE30",5,21,"Jerra East",5,1,0,4,0,0,5,14.75,"outside","native pasture","3-5cm","2-5",0,0,0,0,0
2018-03-25,"JE3",5,19,"Jerra East",7,2,0,3,2,0,7,15.75,"outside","NTG","10-15cm","2-5",0,0,0,0,0
2018-03-25,"JE38",5,22.6,"Jerra East",0,0,0,0,0,0,0,12.5833333333333,"outside","native pasture","3-5cm","6-15",0,0,0,0,0
2018-03-25,"JE4",5,19.3,"Jerra East",6,1,0,3,2,0,6,15.6166666666667,"outside","native pasture","3-5cm","2-5",0,0,0,0,0
2018-03-25,"JE18",5,23.5,"Jerra East",10,6,0,4,0,0,10,13.4,"outside","NTG","10-15cm","2-5",0,0,0,0,0
2018-03-25,"JE23",5,21.3,"Jerra East",12,2,1,4,1,4,8,14.6666666666667,"inside","NTG","5-10cm","16-30",0,0,0,0,0
2018-03-25,"JE31",5,24,"Jerra East",7,1,0,1,5,0,7,11.1833333333333,"outside","native pasture","5-10cm",">30%",0,0,0,0,0
2018-03-25,"JE45",5,19.8,"Jerra East",13,1,0,4,3,5,8,15.35,"inside","NTG","5-10cm","16-30",0,0,0,0,0
2018-03-25,"JE35",5,21.6,"Jerra East",8,0,0,6,2,0,8,11.6333333333333,"outside","NTG","<3cm",">30%",0,0,0,0,0
2018-03-25,"JE24",5,21.4,"Jerra East",11,1,0,3,2,5,6,14.5,"inside","NTG","5-10cm","16-30",0,0,0,0,0
2018-03-25,"JE9",5,24.2,"Jerra East",11,0,0,4,7,0,11,11.35,"outside","NTG","5-10cm","16-30",0,0,0,0,0
2018-03-25,"JE2",5,18.8,"Jerra East",10,2,1,6,1,0,10,15.9,"outside","native pasture","3-5cm",">30%",0,0,0,0,0
2018-03-25,"JE27",5,21.8,"Jerra East",1,0,0,0,1,0,1,14.35,"outside","native pasture","3-5cm","2-5",0,0,0,0,0
2018-03-25,"JE22",5,21,"Jerra East",9,1,0,4,0,4,5,14.85,"inside","NTG","3-5cm",">30%",0,0,0,0,0
2018-03-25,"JE42",5,23.5,"Jerra East",15,0,0,12,3,0,15,13.1666666666667,"outside","NTG","5-10cm","16-30",0,0,0,0,0
2018-03-25,"JE5",5,19.4,"Jerra East",20,5,0,12,3,0,20,15.4333333333333,"outside","native pasture","10-15cm","2-5",0,0,0,0,0
2018-03-25,"JE6",5,23.4,"Jerra East",16,2,0,13,1,0,16,12.7,"outside","NTG","5-10cm",">30%",0,0,0,0,0
2018-03-25,"JE47",5,23.2,"Jerra East",9,2,0,4,3,0,9,13.8166666666667,"outside","NTG","5-10cm","16-30",0,0,0,0,0
2018-03-25,"JE36",5,21.6,"Jerra East",5,1,0,4,0,0,5,12.1,"outside","NTG","3-5cm",">30%",0,0,0,0,0
2018-03-25,"JE29",5,21.3,"Jerra East",6,1,0,5,0,0,6,14.6,"outside","native pasture","<3cm","2-5",0,0,0,0,0
2018-03-25,"JE1",5,18.8,"Jerra East",6,0,0,6,0,0,6,16.0166666666667,"outside","NTG","5-10cm",">30%",0,0,0,0,0
2018-03-25,"JE21",5,20.4,"Jerra East",11,1,0,5,0,5,6,14.9,"inside","NTG","3-5cm","16-30",0,0,0,0,0
2018-03-25,"JE41",5,23.3,"Jerra East",3,1,0,2,0,0,3,13.0333333333333,"outside","native pasture","5-10cm","6-15",0,0,0,0,0
2018-03-25,"JE37",5,20.7,"Jerra East",17,0,0,11,6,0,17,12.3166666666667,"outside","NTG","<3cm","6-15",0,0,0,0,0
2018-03-25,"JE43",5,23.7,"Jerra East",9,3,0,1,5,0,9,13.6,"outside","NTG","5-10cm",">30%",0,0,0,0,0
2018-03-25,"JE34",5,21.9,"Jerra East",5,0,0,3,2,0,5,11.9333333333333,"outside","native pasture","3-5cm","16-30",0,0,0,0,0
2018-03-25,"JE40",5,23.4,"Jerra East",2,1,0,0,1,0,2,12.8333333333333,"outside","native pasture","3-5cm",">30%",0,0,0,0,0
2018-03-25,"JE48",5,21.8,"Jerra East",7,3,0,2,2,0,7,14.2833333333333,"outside","native pasture","5-10cm","16-30",0,0,0,0,0
2018-03-25,"JE49",5,19.3,"Jerra East",14,1,0,7,3,3,11,15.6666666666667,"inside","NTG","5-10cm","16-30",0,0,0,0,0
2018-03-25,"JE39",5,23.4,"Jerra East",1,0,0,0,1,0,1,12.7,"outside","native pasture","3-5cm",">30%",0,0,0,0,0
2018-03-25,"JE17",5,23.3,"Jerra East",12,1,0,5,6,0,12,12.9666666666667,"outside","NTG","3-5cm",">30%",0,0,0,0,0
2018-03-25,"JE8",5,21.6,"Jerra East",14,1,0,7,6,0,14,11.6833333333333,"outside","NTG","10-15cm","6-15",0,0,0,0,0
2018-03-25,"JE50",5,19,"Jerra East",23,5,0,11,2,5,18,15.8333333333333,"inside","NTG","5-10cm","16-30",0,0,0,0,0
2018-03-25,"JE7",5,21.9,"Jerra East",15,5,0,7,3,0,15,11.95,"outside","NTG","10-15cm","6-15",0,0,0,0,0
2018-03-25,"JE46",5,19.4,"Jerra East",10,1,0,4,0,5,5,15.5,"inside","NTG","5-10cm","2-5",0,0,0,0,0
2018-03-28,"Ck43",4,25.8,"Cookanalla",2,0,0,1,1,0,2,14.9833333333333,"outside","native pasture","10-15cm","6-15",0,0,0,0,0
2018-03-28,"Ck16",4,24.1,"Cookanalla",0,0,0,0,0,0,0,12.9166666666667,"outside","native pasture","10-15cm","2-5",0,0,0,0,0
2018-03-28,"Ck31",4,25.1,"Cookanalla",5,2,0,3,0,0,5,13.4666666666667,"outside","native pasture",">15cm","<1",0,0,0,0,0
2018-03-28,"Ck29",4,20.4,"Cookanalla",2,1,0,1,0,0,2,11.4666666666667,"outside","native pasture","10-15cm","6-15",0,0,0,0,0
2018-03-28,"Ck23",4,22.4,"Cookanalla",1,0,0,1,0,0,1,12.1,"outside","native pasture","10-15cm","2-5",0,0,0,0,0
2018-03-28,"Ck37",4,25.8,"Cookanalla",0,0,0,0,0,0,0,14.3333333333333,"outside","native pasture","10-15cm","6-15",0,0,0,0,0
2018-03-28,"Ck28",4,20.1,"Cookanalla",0,0,0,0,0,0,0,11.2833333333333,"outside","native pasture","10-15cm","<1",0,0,0,0,0
2018-03-28,"Ck22",4,21.6,"Cookanalla",2,1,0,1,0,0,2,11.8833333333333,"outside","native pasture","5-10cm","2-5",0,0,0,0,0
2018-03-28,"Ck36",4,27.4,"Cookanalla",0,0,0,0,0,0,0,14.8666666666667,"outside","native pasture","10-15cm","16-30",0,0,0,0,0
2018-03-28,"Ck46",4,25.7,"Cookanalla",0,0,0,0,0,0,0,15.35,"outside","native pasture",">15cm","2-5",0,0,0,0,0
2018-03-28,"Ck30",4,20.6,"Cookanalla",0,0,0,0,0,0,0,11.65,"outside","native pasture","3-5cm","6-15",0,0,0,0,0
2018-03-28,"Ck20",4,24.6,"Cookanalla",1,0,0,0,1,0,1,13.0666666666667,"outside","native pasture","10-15cm","2-5",0,0,0,0,0
2018-03-28,"Ck50",4,25.3,"Cookanalla",1,1,0,0,0,0,1,15.1166666666667,"outside","NTG","10-15cm","6-15",0,0,0,0,0
2018-03-28,"Ck42",4,27.4,"Cookanalla",1,1,0,0,0,0,1,14.6833333333333,"outside","native pasture",">15cm","2-5",0,0,0,0,0
2018-03-28,"Ck27",4,21.1,"Cookanalla",0,0,0,0,0,0,0,11.0833333333333,"outside","native pasture","5-10cm","6-15",0,0,0,0,0
2018-03-28,"Ck39",4,25.3,"Cookanalla",0,0,0,0,0,0,0,13.6166666666667,"outside","native pasture",">15cm","<1",0,0,0,0,0
2018-03-28,"Ck21",4,25.3,"Cookanalla",0,0,0,0,0,0,0,13.3333333333333,"outside","native pasture",">15cm","6-15",0,0,0,0,0
2018-03-28,"Ck41",4,24,"Cookanalla",1,0,0,1,0,0,1,12.8,"outside","native pasture","5-10cm","2-5",0,0,0,0,0
2018-03-28,"Ck24",4,19.6,"Cookanalla",3,0,0,3,0,0,3,10.8666666666667,"outside","native pasture","10-15cm","2-5",0,0,0,0,0
2018-03-28,"Ck49",4,25.7,"Cookanalla",1,1,0,0,0,0,1,15.25,"outside","NTG","10-15cm","2-5",0,0,0,0,0
2018-03-28,"Ck40",4,26,"Cookanalla",0,0,0,0,0,0,0,14.5166666666667,"outside","native pasture",">15cm","2-5",0,0,0,0,0
2018-03-29,"Ck7",4,30.4,"Cookanalla",1,0,0,1,0,0,1,14.75,"outside","native pasture",">15cm","<1",0,0,0,0,0
2018-03-29,"Ck19",4,29.3,"Cookanalla",1,0,0,1,0,0,1,13.9833333333333,"outside","native pasture","5-10cm","6-15",0,0,0,0,0
2018-03-29,"Ck11",4,30.2,"Cookanalla",3,0,0,0,3,0,3,16.1333333333333,"outside","native pasture","10-15cm","6-15",0,0,0,0,0
2018-03-29,"Ck12",4,28.3,"Cookanalla",0,0,0,0,0,0,0,13.5166666666667,"outside","native pasture","3-5cm","6-15",0,0,0,0,0
2018-03-29,"Ck18",4,29.5,"Cookanalla",2,0,0,2,0,0,2,14.15,"outside","native pasture","5-10cm","16-30",0,0,0,0,0
2018-03-29,"Ck17",4,29.3,"Cookanalla",0,0,0,0,0,0,0,13.8666666666667,"outside","native pasture","3-5cm","6-15",0,0,0,0,0
2018-03-29,"Ck6",4,30.7,"Cookanalla",0,0,0,0,0,0,0,15,"outside","native pasture",">15cm","2-5",0,0,0,0,0
2018-03-29,"Ck13",4,29.9,"Cookanalla",2,1,0,0,1,0,2,14.5833333333333,"outside","native pasture","10-15cm","6-15",0,0,0,0,0
2018-03-29,"Ck15",4,28.1,"Cookanalla",3,1,0,1,1,0,3,13.7,"outside","native pasture","10-15cm","2-5",0,0,0,0,0
2018-03-29,"Ck47",4,28.2,"Cookanalla",2,1,0,0,1,0,2,13.2333333333333,"outside","native pasture","10-15cm","16-30",0,0,0,0,0
2018-03-29,"Ck10",4,30.1,"Cookanalla",2,0,0,1,1,0,2,15.9333333333333,"outside","NTG","5-10cm",">30%",0,0,0,0,0
2018-03-29,"Ck1",4,30.2,"Cookanalla",2,0,0,2,0,0,2,15.35,"outside","native pasture","10-15cm","2-5",0,0,0,0,0
2018-03-29,"Ck14",4,28.6,"Cookanalla",2,0,0,1,1,0,2,14.3333333333333,"outside","native pasture",">15cm","16-30",0,0,0,0,0
2018-03-29,"Ck48",4,30.2,"Cookanalla",1,0,0,1,0,0,1,16.2833333333333,"outside","native pasture","5-10cm","6-15",0,0,0,0,0
2018-03-29,"Ck2",4,30.7,"Cookanalla",1,0,0,1,0,0,1,15.2,"outside","native pasture","5-10cm","2-5",0,0,0,0,0
2018-03-29,"Ck3",4,29.9,"Cookanalla",3,0,0,3,0,0,3,15.75,"outside","native pasture","5-10cm","16-30",0,0,0,0,0
2018-03-30,"Ck16",5,27.4,"Cookanalla",0,0,0,0,0,0,0,13.4833333333333,"outside","native pasture","10-15cm","2-5",0,0,0,0,0
2018-03-30,"Ck102",4,25.9,"Cookanalla",6,0,0,0,0,6,0,12.1333333333333,"inside","NTG","<3cm",">30%",0,0,0,0,0
2018-03-30,"Ck20",5,27.8,"Cookanalla",1,0,0,1,0,0,1,13.6666666666667,"outside","native pasture","10-15cm","2-5",0,0,0,0,0
2018-03-30,"Ck101",4,26.2,"Cookanalla",7,0,0,1,1,5,2,11.95,"inside","NTG","3-5cm",">30%",0,0,0,0,0
2018-03-30,"Ck23",5,27.8,"Cookanalla",1,1,0,0,0,0,1,13.1666666666667,"outside","native pasture","10-15cm","2-5",0,0,0,0,0
2018-03-30,"Ck27",5,27.3,"Cookanalla",2,2,0,0,0,0,2,12.8166666666667,"outside","native pasture","5-10cm","6-15",0,0,0,0,0
2018-03-30,"Ck40",5,29.9,"Cookanalla",0,0,0,0,0,0,0,14.9333333333333,"outside","native pasture",">15cm","2-5",0,0,0,0,0
2018-03-30,"Ck22",5,28.2,"Cookanalla",1,1,0,0,0,0,1,13.3333333333333,"outside","native pasture","5-10cm","2-5",0,0,0,0,0
2018-03-30,"Ck21",5,27.8,"Cookanalla",0,0,0,0,0,0,0,13.5666666666667,"outside","native pasture",">15cm","6-15",0,0,0,0,0
2018-03-30,"Ck33",4,25.9,"Cookanalla",1,1,0,0,0,0,1,12.0833333333333,"outside","native pasture","5-10cm","16-30",0,0,0,0,0
2018-03-30,"Ck24",5,27.8,"Cookanalla",1,0,0,0,1,0,1,13.0333333333333,"outside","native pasture","10-15cm","2-5",0,0,0,0,0
2018-03-30,"Ck103",4,25.3,"Cookanalla",6,0,0,0,1,5,1,11.3833333333333,"inside","NTG","5-10cm","6-15",0,0,0,0,0
2018-03-30,"Ck29",5,27,"Cookanalla",1,1,0,0,0,0,1,12.4833333333333,"outside","native pasture","10-15cm","6-15",0,0,0,0,0
2018-03-30,"Ck31",5,29.6,"Cookanalla",1,0,0,1,0,0,1,15.25,"outside","native pasture",">15cm","<1",0,0,0,0,0
2018-03-30,"Ck34",4,26.5,"Cookanalla",3,1,0,2,0,0,3,11.8,"outside","native pasture","10-15cm","6-15",0,0,0,0,0
2018-03-30,"Ck108",4,27.8,"Cookanalla",5,0,0,0,1,4,1,12.95,"inside","NTG","5-10cm","2-5",0,0,0,0,0
2018-03-30,"Ck42",5,29.8,"Cookanalla",0,0,0,0,0,0,0,15.1166666666667,"outside","native pasture",">15cm","2-5",0,0,0,0,0
2018-03-30,"Ck32",4,25.7,"Cookanalla",0,0,0,0,0,0,0,11.6,"outside","native pasture","5-10cm","6-15",0,0,0,0,0
2018-03-30,"Ck35",4,24.4,"Cookanalla",0,0,0,0,0,0,0,11.3,"outside","native pasture","3-5cm","6-15",0,0,0,0,0
2018-03-30,"Ck104",4,25.7,"Cookanalla",8,0,0,2,1,5,3,11.65,"inside","NTG","5-10cm","16-30",0,0,1,1,1
2018-03-30,"Ck38",4,25.3,"Cookanalla",0,0,0,0,0,0,0,11.45,"outside","native pasture","3-5cm","6-15",0,0,0,0,0
2018-03-30,"Ck28",5,26.8,"Cookanalla",1,0,0,1,0,0,1,12.6833333333333,"outside","native pasture","10-15cm","<1",0,0,0,0,0
2018-03-30,"Ck30",5,26.8,"Cookanalla",1,1,0,0,0,0,1,12.3,"outside","native pasture","3-5cm","6-15",0,0,0,0,0
2018-03-30,"Ck107",4,27.3,"Cookanalla",6,0,0,2,0,4,2,12.75,"inside","native pasture","5-10cm","2-5",0,0,0,0,0
2018-03-30,"Ck105",4,26.8,"Cookanalla",10,2,0,1,2,5,5,12.3666666666667,"inside","NTG","5-10cm","6-15",0,0,0,0,0
2018-03-30,"Ck41",5,27.4,"Cookanalla",0,0,0,0,0,0,0,13.3666666666667,"outside","native pasture","5-10cm","2-5",0,0,0,0,0
2018-03-30,"Ck46",5,29.9,"Cookanalla",0,0,0,0,0,0,0,14.9166666666667,"outside","native pasture",">15cm","2-5",0,0,0,0,0
2018-03-30,"Ck39",5,29.8,"Cookanalla",0,0,0,0,0,0,0,15.1,"outside","native pasture",">15cm","<1",0,0,0,0,0
2018-03-30,"Ck37",5,29.6,"Cookanalla",1,0,0,1,0,0,1,15.3,"outside","native pasture","10-15cm","6-15",0,0,0,0,0
2018-03-30,"Ck106",4,26.8,"Cookanalla",7,0,0,2,1,4,3,12.6,"inside","native pasture","5-10cm","2-5",0,0,0,0,0
2018-03-31,"Ck10",5,20.4,"Cookanalla",4,0,0,2,2,0,4,11.2,"outside","NTG","5-10cm",">30%",0,0,0,0,0
2018-03-31,"Ck101",5,22.6,"Cookanalla",5,0,0,0,0,5,0,13.4,"inside","NTG","3-5cm",">30%",0,0,0,0,0
2018-03-31,"Ck106",5,21.8,"Cookanalla",7,0,0,2,1,4,3,12.0833333333333,"inside","native pasture","5-10cm","2-5",0,0,0,0,0
2018-03-31,"Ck15",5,20.5,"Cookanalla",0,0,0,0,0,0,0,11.4666666666667,"outside","native pasture","10-15cm","2-5",0,0,0,0,0
2018-03-31,"Ck108",5,22.2,"Cookanalla",4,0,0,0,0,4,0,12.4166666666667,"inside","NTG","5-10cm","2-5",0,0,0,0,0
2018-03-31,"Ck12",5,21,"Cookanalla",0,0,0,0,0,0,0,11.2833333333333,"outside","native pasture","3-5cm","6-15",0,0,0,0,0
2018-03-31,"Ck32",5,22.2,"Cookanalla",0,0,0,0,0,0,0,12.5,"outside","native pasture","5-10cm","6-15",0,0,0,0,0
2018-03-31,"Ck50",5,21,"Cookanalla",2,1,0,1,0,0,2,11.3166666666667,"outside","NTG","10-15cm","6-15",0,0,0,0,0
2018-03-31,"Ck33",5,21.4,"Cookanalla",1,0,0,1,0,0,1,12.2833333333333,"outside","native pasture","5-10cm","16-30",0,0,0,0,0
2018-03-31,"Ck11",5,22.7,"Cookanalla",0,0,0,0,0,0,0,13.0666666666667,"outside","native pasture","10-15cm","6-15",0,0,0,0,0
2018-03-31,"Ck104",5,22.8,"Cookanalla",8,0,0,1,2,5,3,13.2333333333333,"inside","NTG","5-10cm","16-30",0,0,1,1,1
2018-03-31,"Ck14",5,21.4,"Cookanalla",0,0,0,0,0,0,0,12.2333333333333,"outside","native pasture",">15cm","16-30",0,0,0,0,0
2018-03-31,"Ck102",5,22.4,"Cookanalla",7,0,0,1,1,5,2,12.8666666666667,"inside","NTG","<3cm",">30%",0,0,0,0,0
2018-03-31,"Ck1",5,21.2,"Cookanalla",3,0,0,2,1,0,3,11.7166666666667,"outside","native pasture","10-15cm","2-5",0,0,0,0,0
2018-03-31,"Ck17",5,20.4,"Cookanalla",0,0,0,0,0,0,0,11.6666666666667,"outside","native pasture","3-5cm","6-15",0,0,0,0,0
2018-03-31,"Ck105",5,22,"Cookanalla",8,0,0,3,0,5,3,12.6166666666667,"inside","NTG","5-10cm","6-15",0,0,0,0,0
2018-03-31,"Ck13",5,22.4,"Cookanalla",0,0,0,0,0,0,0,12.7166666666667,"outside","native pasture","10-15cm","6-15",0,0,0,0,0
2018-03-31,"Ck34",5,21.8,"Cookanalla",2,2,0,0,0,0,2,12.1,"outside","native pasture","10-15cm","6-15",0,0,0,0,0
2018-03-31,"Ck18",5,20.5,"Cookanalla",0,0,0,0,0,0,0,12.05,"outside","native pasture","5-10cm","16-30",0,0,0,0,0
2018-03-31,"Ck103",5,22.7,"Cookanalla",6,0,0,1,0,5,1,13.1,"inside","NTG","5-10cm","6-15",0,0,1,1,1
2018-03-31,"Ck35",5,20.5,"Cookanalla",0,0,0,0,0,0,0,11.9333333333333,"outside","native pasture","3-5cm","6-15",0,0,0,0,0
2018-03-31,"Ck38",5,22,"Cookanalla",0,0,0,0,0,0,0,12.6333333333333,"outside","native pasture","3-5cm","6-15",0,0,0,0,0
2018-03-31,"Ck107",5,21.4,"Cookanalla",6,1,0,1,0,4,2,12.2666666666667,"inside","native pasture","5-10cm","2-5",0,0,0,0,0
2018-03-31,"Ck48",5,22.7,"Cookanalla",0,0,0,0,0,0,0,13.2,"outside","native pasture","5-10cm","6-15",0,0,0,0,0
2018-03-31,"Ck49",5,20.4,"Cookanalla",2,0,0,2,0,0,2,11.1333333333333,"outside","NTG","10-15cm","2-5",0,0,0,0,0
2018-03-31,"Ck36",5,21.2,"Cookanalla",2,1,0,1,0,0,2,11.7166666666667,"outside","native pasture","10-15cm","16-30",0,0,0,0,0
2018-03-31,"Ck43",5,20.5,"Cookanalla",2,0,0,1,1,0,2,11.5,"outside","native pasture","10-15cm","6-15",0,0,0,0,0
2018-03-31,"Ck7",5,23.3,"Cookanalla",0,0,0,0,0,0,0,12.8833333333333,"outside","native pasture",">15cm","<1",0,0,0,0,0
2018-03-31,"Ck3",5,20.5,"Cookanalla",6,0,0,5,1,0,6,11.4333333333333,"outside","native pasture","5-10cm","16-30",0,0,0,0,0
2018-03-31,"Ck47",5,20.4,"Cookanalla",2,0,0,2,0,0,2,11.1,"outside","native pasture","10-15cm","16-30",0,0,0,0,0
2018-03-31,"Ck6",5,22,"Cookanalla",1,0,0,1,0,0,1,12.5833333333333,"outside","native pasture",">15cm","2-5",0,0,0,0,0
2018-03-31,"Ck19",5,20.5,"Cookanalla",1,0,0,1,0,0,1,11.9166666666667,"outside","native pasture","5-10cm","6-15",0,0,0,0,0
2018-03-31,"Ck2",5,20.5,"Cookanalla",3,0,0,3,0,0,3,11.8833333333333,"outside","native pasture","5-10cm","2-5",0,0,0,0,0
